{
	"credit": "Made with Blockbench",
	"textures": {
		"0": "bambooeverything:block/bamboo_bundle_side",
		"particle": "bambooeverything:block/bamboo_bundle_side"
	},
	"elements": [
		{
			"from": [0, 0, 0],
			"to": [16, 8, 16],
			"faces": {
				"north": {"uv": [0, 8, 16, 16], "texture": "#0", "cullface": "north"},
				"east": {"uv": [0, 8, 16, 16], "texture": "#0", "cullface": "east"},
				"south": {"uv": [0, 8, 16, 16], "texture": "#0", "cullface": "south"},
				"west": {"uv": [0, 8, 16, 16], "texture": "#0", "cullface": "west"},
				"up": {"uv": [0, 0, 16, 16], "texture": "#0"},
				"down": {"uv": [0, 0, 16, 16], "texture": "#0", "cullface": "down"}
			}
		},
		{
			"from": [8, 8, 0],
			"to": [16, 16, 16],
			"faces": {
				"north": {"uv": [0, 0, 8, 8], "texture": "#0", "cullface": "north"},
				"east": {"uv": [0, 0, 16, 8], "texture": "#0", "cullface": "east"},
				"south": {"uv": [8, 0, 16, 8], "texture": "#0", "cullface": "south"},
				"west": {"uv": [0, 0, 16, 8], "texture": "#0"},
				"up": {"uv": [8, 0, 16, 16], "texture": "#0", "cullface": "up"}
			}
		},
		{
			"from": [0, 8, 8],
			"to": [8, 16, 16],
			"faces": {
				"north": {"uv": [8, 0, 16, 8], "texture": "#0"},
				"south": {"uv": [0, 0, 8, 8], "texture": "#0", "cullface": "south"},
				"west": {"uv": [8, 0, 16, 8], "texture": "#0", "cullface": "west"},
				"up": {"uv": [0, 8, 8, 16], "texture": "#0", "cullface": "up"}
			}
		}
	]
}