{
  "textures": {
    "1": "bambooeverything:block/dry_bamboo_fence",
    "particle": "bambooeverything:block/dry_bamboo_stalk"
  },
  "elements": [
    {
      "name": "top bar",
      "from": [7, 12, 0],
      "to": [9, 15, 9],
      "faces": {
        "north": {"uv": [13, 13, 16, 16], "texture": "#1", "cullface": "north"},
        "east": {"uv": [7, 0, 16, 3], "texture": "#1"},
        "west": {"uv": [7, 0, 16, 3], "rotation": 180, "texture": "#1"},
        "up": {"uv": [0, 0, 2, 9], "texture": "#1"},
        "down": {"uv": [0, 2, 2, 11], "texture": "#1"}
      }
    },
    {
      "name": "lower bar",
      "from": [7, 6, 0],
      "to": [9, 9, 9],
      "faces": {
        "north": {"uv": [13, 13, 16, 16], "texture": "#1", "cullface": "north"},
        "east": {"uv": [4, 9, 13, 12], "texture": "#1"},
        "west": {"uv": [4, 9, 13, 12], "rotation": 180, "texture": "#1"},
        "up": {"uv": [0, 3, 2, 12], "texture": "#1"},
        "down": {"uv": [0, 7, 2, 16], "texture": "#1"}
      }
    }
  ]
}