{
	"credit": "Made with Blockbench",
	"textures": {
		"1": "bambooeverything:block/dry_bamboo_fence",
    	"particle": "bambooeverything:block/dry_bamboo_fence"
	},
	"elements": [
		{
			"name": "Center post",
			"from": [6, 0, 6],
			"to": [10, 16, 10],
			"faces": {
				"north": {"uv": [0, 0, 3, 16], "texture": "#1"},
				"east": {"uv": [0, 0, 3, 16], "texture": "#1"},
				"south": {"uv": [0, 0, 3, 16], "texture": "#1"},
				"west": {"uv": [0, 0, 3, 16], "texture": "#1"},
				"up": {"uv": [13, 13, 16, 16], "texture": "#1", "cullface": "up"},
				"down": {"uv": [13, 13, 16, 16], "texture": "#1", "cullface": "down"}
			}
		}
	]
}