{
	"credit": "Made with Blockbench",
	"texture_size": [128, 64],
	"textures": {
		"0": "bambooeverything:entity/bamboo_raft"
	},
	"elements": [
		{
			"from": [13, 0, 1],
			"to": [15, 2, 15],
			"faces": {
				"north": {"uv": [1.75, 3.5, 2, 4], "texture": "#0"},
				"east": {"uv": [0, 3.5, 1.75, 4], "texture": "#0"},
				"south": {"uv": [3.75, 3.5, 4, 4], "texture": "#0"},
				"west": {"uv": [2, 3.5, 3.75, 4], "texture": "#0"},
				"up": {"uv": [2, 3.5, 1.75, 0], "texture": "#0"},
				"down": {"uv": [2.25, 0, 2, 3.5], "texture": "#0"}
			}
		},
		{
			"from": [1, 0, 1],
			"to": [3, 2, 15],
			"faces": {
				"north": {"uv": [1.75, 3.5, 2, 4], "texture": "#0"},
				"east": {"uv": [0, 3.5, 1.75, 4], "texture": "#0"},
				"south": {"uv": [3.75, 3.5, 4, 4], "texture": "#0"},
				"west": {"uv": [2, 3.5, 3.75, 4], "texture": "#0"},
				"up": {"uv": [2, 3.5, 1.75, 0], "texture": "#0"},
				"down": {"uv": [2.25, 0, 2, 3.5], "texture": "#0"}
			}
		},
		{
			"from": [5, 0, 1],
			"to": [7, 2, 15],
			"faces": {
				"north": {"uv": [1.75, 3.5, 2, 4], "texture": "#0"},
				"east": {"uv": [0, 3.5, 1.75, 4], "texture": "#0"},
				"south": {"uv": [3.75, 3.5, 4, 4], "texture": "#0"},
				"west": {"uv": [2, 3.5, 3.75, 4], "texture": "#0"},
				"up": {"uv": [2, 3.5, 1.75, 0], "texture": "#0"},
				"down": {"uv": [2.25, 0, 2, 3.5], "texture": "#0"}
			}
		},
		{
			"from": [9, 0, 1],
			"to": [11, 2, 15],
			"faces": {
				"north": {"uv": [1.75, 3.5, 2, 4], "texture": "#0"},
				"east": {"uv": [0, 3.5, 1.75, 4], "texture": "#0"},
				"south": {"uv": [3.75, 3.5, 4, 4], "texture": "#0"},
				"west": {"uv": [2, 3.5, 3.75, 4], "texture": "#0"},
				"up": {"uv": [2, 3.5, 1.75, 0], "texture": "#0"},
				"down": {"uv": [2.25, 0, 2, 3.5], "texture": "#0"}
			}
		},
		{
			"from": [1, 2, 3],
			"to": [15, 3, 5],
			"shade": false,
			"rotation": {"angle": 0, "axis": "y", "origin": [8, 2.5, 8]},
			"faces": {
				"north": {"uv": [3.75, 3.5, 2, 3.75], "texture": "#0"},
				"east": {"uv": [4, 3.5, 3.75, 3.75], "texture": "#0"},
				"south": {"uv": [3.75, 3.75, 2, 4], "texture": "#0"},
				"west": {"uv": [2, 3.5, 1.75, 3.75], "texture": "#0"},
				"up": {"uv": [0, 4, 1.75, 3.5], "texture": "#0"},
				"down": {"uv": [2, 3.5, 3.75, 4], "texture": "#0"}
			}
		},
		{
			"from": [1, 2, 7],
			"to": [15, 3, 9],
			"rotation": {"angle": 0, "axis": "y", "origin": [8, 2.5, 8]},
			"faces": {
				"north": {"uv": [2, 3.5, 3.75, 3.75], "texture": "#0"},
				"east": {"uv": [1.75, 3.75, 2, 4], "texture": "#0"},
				"south": {"uv": [0, 3.5, 1.75, 3.75], "texture": "#0"},
				"west": {"uv": [3.75, 3.75, 4, 4], "texture": "#0"},
				"up": {"uv": [1.75, 4, 0, 3.5], "texture": "#0"},
				"down": {"uv": [3.75, 3.5, 2, 4], "texture": "#0"}
			}
		},
		{
			"from": [1, 2, 11],
			"to": [15, 3, 13],
			"rotation": {"angle": 0, "axis": "y", "origin": [8, 2.5, 8]},
			"faces": {
				"north": {"uv": [0, 3.75, 1.75, 4], "texture": "#0"},
				"east": {"uv": [3.75, 3.75, 4, 4], "texture": "#0"},
				"south": {"uv": [0, 3.5, 1.75, 3.75], "texture": "#0"},
				"west": {"uv": [3.75, 3.5, 4, 3.75], "texture": "#0"},
				"up": {"uv": [3.75, 4, 2, 3.5], "texture": "#0"},
				"down": {"uv": [1.75, 3.5, 0, 4], "texture": "#0"}
			}
		}
	],
	"display": {
		"thirdperson_righthand": {
			"rotation": [0, 23, 82],
			"translation": [-3, 0, 0],
			"scale": [0.7, 0.7, 0.7]
		},
		"thirdperson_lefthand": {
			"rotation": [0, 0, 41],
			"translation": [0, 3.5, 0],
			"scale": [0.7, 0.7, 0.7]
		},
		"firstperson_righthand": {
			"rotation": [18, 0, 42],
			"translation": [0, 3.5, 0],
			"scale": [0.7, 0.7, 0.7]
		},
		"firstperson_lefthand": {
			"rotation": [-18, 0, 42],
			"translation": [0, 3.5, 0],
			"scale": [0.7, 0.7, 0.7]
		},
		"ground": {
			"rotation": [9, 0, 0],
			"translation": [0, 5, 0],
			"scale": [0.7, 0.7, 0.7]
		},
		"gui": {
			"rotation": [3, 48, 22],
			"translation": [-1.25, 3.5, 0],
			"scale": [0.7, 0.7, 0.7]
		},
		"head": {
			"translation": [0, 14, 0]
		},
		"fixed": {
			"rotation": [-90, 0, 0],
			"translation": [0, 0, -8]
		}
	},
	"groups": [
		{
			"name": "planks",
			"origin": [0, 0, 0],
			"color": 0,
			"children": [
				{
					"name": "bottom",
					"origin": [0, 0, 0],
					"color": 0,
					"children": [0, 1, 2, 3]
				},
				{
					"name": "top",
					"origin": [0, 0, 0],
					"color": 0,
					"children": [4, 5, 6]
				}
			]
		}
	]
}