{
  "textures": {
    "0": "bambooeverything:block/dry_bamboo_fence",
    "particle": "bambooeverything:block/dry_bamboo_stalk"
  },
  "elements": [
    {
      "name": "Left-hand post",
      "from": [0, 2, 7],
      "to": [2, 13, 9],
      "faces": {
        "north": {"uv": [0, 5, 2, 16], "texture": "#0"},
        "east": {"uv": [0, 5, 2, 16], "texture": "#0"},
        "south": {"uv": [0, 5, 2, 16], "texture": "#0"},
        "west": {"uv": [0, 5, 2, 16], "texture": "#0", "cullface": "west"},
        "up": {"uv": [13, 13, 16, 16], "texture": "#0"},
        "down": {"uv": [13, 13, 16, 16], "texture": "#0"}
      }
    },
    {
      "name": "Right-hand post",
      "from": [14, 2, 7],
      "to": [16, 13, 9],
      "faces": {
        "north": {"uv": [0, 0, 2, 11], "texture": "#0"},
        "east": {"uv": [0, 0, 2, 11], "texture": "#0", "cullface": "east"},
        "south": {"uv": [0, 0, 2, 11], "texture": "#0"},
        "west": {"uv": [0, 0, 2, 11], "texture": "#0"},
        "up": {"uv": [13, 13, 16, 16], "texture": "#0"},
        "down": {"uv": [13, 13, 16, 16], "texture": "#0"}
      }
    },
    {
      "name": "Inner vertical post of left-hand gate door",
      "from": [6, 3, 7],
      "to": [8, 12, 9],
      "faces": {
        "north": {"uv": [0, 0, 2, 9], "texture": "#0"},
        "east": {"uv": [7, 1, 9, 10], "texture": "#0"},
        "south": {"uv": [0, 0, 2, 9], "texture": "#0"},
        "west": {"uv": [0, 0, 2, 9], "texture": "#0"},
        "up": {"uv": [13, 13, 16, 16], "texture": "#0"},
        "down": {"uv": [13, 13, 16, 16], "texture": "#0"}
      }
    },
    {
      "name": "Inner vertical post of right-hand gate door",
      "from": [8, 3, 7],
      "to": [10, 12, 9],
      "faces": {
        "north": {"uv": [0, 0, 2, 9], "texture": "#0"},
        "east": {"uv": [0, 0, 2, 9], "texture": "#0"},
        "south": {"uv": [0, 0, 2, 9], "texture": "#0"},
        "west": {"uv": [7, 1, 9, 10], "texture": "#0"},
        "up": {"uv": [13, 13, 16, 16], "texture": "#0"},
        "down": {"uv": [13, 13, 16, 16], "texture": "#0"}
      }
    },
    {
      "name": "Lower horizontal bar of left-hand gate door",
      "from": [2, 3, 7],
      "to": [6, 6, 9],
      "faces": {
        "north": {"uv": [7, 13, 11, 16], "texture": "#0"},
        "south": {"uv": [10, 9, 14, 12], "texture": "#0"},
        "up": {"uv": [10, 11, 14, 13], "texture": "#0"},
        "down": {"uv": [10, 9, 14, 11], "texture": "#0"}
      }
    },
    {
      "name": "Upper horizontal bar of left-hand gate door",
      "from": [2, 9, 7],
      "to": [6, 12, 9],
      "faces": {
        "north": {"uv": [8, 13, 12, 16], "texture": "#0"},
        "south": {"uv": [9, 6, 13, 9], "texture": "#0"},
        "up": {"uv": [9, 14, 13, 16], "texture": "#0"},
        "down": {"uv": [9, 11, 13, 13], "texture": "#0"}
      }
    },
    {
      "name": "Lower horizontal bar of right-hand gate door",
      "from": [10, 3, 7],
      "to": [14, 6, 9],
      "faces": {
        "north": {"uv": [5, 0, 9, 3], "texture": "#0"},
        "south": {"uv": [12, 9, 16, 12], "texture": "#0"},
        "up": {"uv": [11, 10, 15, 12], "texture": "#0"},
        "down": {"uv": [6, 14, 10, 16], "texture": "#0"}
      }
    },
    {
      "name": "Upper horizontal bar of right-hand gate door",
      "from": [10, 9, 7],
      "to": [14, 12, 9],
      "faces": {
        "north": {"uv": [10, 5, 14, 8], "texture": "#0"},
        "south": {"uv": [7, 6, 11, 9], "texture": "#0"},
        "up": {"uv": [7, 7, 11, 9], "texture": "#0"},
        "down": {"uv": [7, 6, 11, 8], "texture": "#0"}
      }
    }
  ]
}