{
  "textures": {
    "0": "bambooeverything:block/dry_bamboo_fence",
    "particle": "bambooeverything:block/dry_bamboo_stalk"
  },
  "elements": [
    {
      "name": "Left-hand post",
      "from": [0, 2, 7],
      "to": [2, 13, 9],
      "faces": {
        "north": {"uv": [0, 5, 2, 16], "texture": "#0"},
        "east": {"uv": [0, 5, 2, 16], "texture": "#0"},
        "south": {"uv": [0, 5, 2, 16], "texture": "#0"},
        "west": {"uv": [0, 5, 2, 16], "texture": "#0", "cullface": "west"},
        "up": {"uv": [13, 13, 16, 16], "texture": "#0"},
        "down": {"uv": [13, 13, 16, 16], "texture": "#0"}
      }
    },
    {
      "name": "Right-hand post",
      "from": [14, 2, 7],
      "to": [16, 13, 9],
      "faces": {
        "north": {"uv": [0, 0, 2, 11], "texture": "#0"},
        "east": {"uv": [0, 0, 2, 11], "texture": "#0", "cullface": "east"},
        "south": {"uv": [0, 0, 2, 11], "texture": "#0"},
        "west": {"uv": [0, 0, 2, 11], "texture": "#0"},
        "up": {"uv": [13, 13, 16, 16], "texture": "#0"},
        "down": {"uv": [13, 13, 16, 16], "texture": "#0"}
      }
    },
    {
      "name": "Inner vertical post of left-hand gate door",
      "from": [0, 3, 13],
      "to": [2, 12, 15],
      "faces": {
        "north": {"uv": [0, 0, 2, 9], "texture": "#0"},
        "east": {"uv": [0, 0, 2, 9], "texture": "#0"},
        "south": {"uv": [0, 0, 2, 9], "texture": "#0"},
        "west": {"uv": [0, 0, 2, 9], "texture": "#0"},
        "up": {"uv": [13, 13, 16, 16], "texture": "#0"},
        "down": {"uv": [13, 13, 16, 16], "texture": "#0"}
      }
    },
    {
      "name": "Inner vertical post of right-hand gate door",
      "from": [14, 3, 13],
      "to": [16, 12, 15],
      "faces": {
        "north": {"uv": [0, 0, 2, 9], "texture": "#0"},
        "east": {"uv": [0, 0, 2, 9], "texture": "#0"},
        "south": {"uv": [0, 0, 2, 9], "texture": "#0"},
        "west": {"uv": [0, 0, 2, 9], "texture": "#0"},
        "up": {"uv": [13, 13, 16, 16], "texture": "#0"},
        "down": {"uv": [13, 13, 16, 16], "texture": "#0"}
      }
    },
    {
      "name": "Lower horizontal bar of left-hand gate door",
      "from": [0, 3, 9],
      "to": [2, 6, 13],
      "faces": {
        "east": {"uv": [7, 13, 11, 16], "texture": "#0"},
        "west": {"uv": [10, 9, 14, 12], "texture": "#0"},
        "up": {"uv": [0, 5, 2, 9], "texture": "#0"},
        "down": {"uv": [0, 10, 2, 14], "texture": "#0"}
      }
    },
    {
      "name": "Upper horizontal bar of left-hand gate door",
      "from": [0, 9, 9],
      "to": [2, 12, 13],
      "faces": {
        "east": {"uv": [8, 13, 12, 16], "texture": "#0"},
        "west": {"uv": [9, 6, 13, 9], "texture": "#0"},
        "up": {"uv": [0, 4, 2, 8], "texture": "#0"},
        "down": {"uv": [0, 3, 2, 7], "texture": "#0"}
      }
    },
    {
      "name": "Lower horizontal bar of left-hand gate door",
      "from": [14, 3, 9],
      "to": [16, 6, 13],
      "faces": {
        "east": {"uv": [12, 9, 16, 12], "texture": "#0"},
        "west": {"uv": [6, 0, 10, 3], "texture": "#0"},
        "up": {"uv": [11, 10, 15, 12], "texture": "#0"},
        "down": {"uv": [6, 14, 10, 16], "texture": "#0"}
      }
    },
    {
      "name": "Upper horizontal bar of left-hand gate door",
      "from": [14, 9, 9],
      "to": [16, 12, 13],
      "faces": {
        "east": {"uv": [7, 6, 11, 9], "texture": "#0"},
        "west": {"uv": [10, 5, 14, 8], "texture": "#0"},
        "up": {"uv": [0, 5, 2, 9], "texture": "#0"},
        "down": {"uv": [0, 2, 2, 6], "texture": "#0"}
      }
    }
  ]
}