{
	"credit": "Made with Blockbench",
	"textures": {
		"1": "bambooeverything:block/dry_bamboo_fence",
		"particle": "bambooeverything:block/dry_bamboo_stalk"
	},
	"elements": [
		{
			"name": "Left-hand post",
			"from": [0, 5, 7],
			"to": [2, 16, 9],
			"faces": {
				"north": {"uv": [0, 5, 2, 16], "texture": "#1"},
				"east": {"uv": [0, 5, 2, 16], "texture": "#1"},
				"south": {"uv": [0, 5, 2, 16], "texture": "#1"},
				"west": {"uv": [0, 5, 2, 16], "texture": "#1", "cullface": "west"},
				"up": {"uv": [13, 13, 16, 16], "texture": "#1"},
				"down": {"uv": [13, 13, 16, 16], "texture": "#1"}
			}
		},
		{
			"name": "Right-hand post",
			"from": [14, 5, 7],
			"to": [16, 16, 9],
			"faces": {
				"north": {"uv": [0, 0, 2, 11], "texture": "#1"},
				"east": {"uv": [0, 0, 2, 11], "texture": "#1", "cullface": "east"},
				"south": {"uv": [0, 0, 2, 11], "texture": "#1"},
				"west": {"uv": [0, 0, 2, 11], "texture": "#1"},
				"up": {"uv": [13, 13, 16, 16], "texture": "#1"},
				"down": {"uv": [13, 13, 16, 16], "texture": "#1"}
			}
		},
		{
			"name": "Inner vertical post of left-hand gate door",
			"from": [6, 6, 7],
			"to": [8, 15, 9],
			"faces": {
				"north": {"uv": [0, 0, 2, 9], "texture": "#1"},
				"east": {"uv": [7, 1, 9, 10], "texture": "#1"},
				"south": {"uv": [0, 0, 2, 9], "texture": "#1"},
				"west": {"uv": [0, 0, 2, 9], "texture": "#1"},
				"up": {"uv": [13, 13, 16, 16], "texture": "#1"},
				"down": {"uv": [13, 13, 16, 16], "texture": "#1"}
			}
		},
		{
			"name": "Inner vertical post of right-hand gate door",
			"from": [8, 6, 7],
			"to": [10, 15, 9],
			"faces": {
				"north": {"uv": [0, 0, 2, 9], "texture": "#1"},
				"east": {"uv": [0, 0, 2, 9], "texture": "#1"},
				"south": {"uv": [0, 0, 2, 9], "texture": "#1"},
				"west": {"uv": [7, 1, 9, 10], "texture": "#1"},
				"up": {"uv": [13, 13, 16, 16], "texture": "#1"},
				"down": {"uv": [13, 13, 16, 16], "texture": "#1"}
			}
		},
		{
			"name": "Lower horizontal bar of left-hand gate door",
			"from": [2, 6, 7],
			"to": [6, 9, 9],
			"faces": {
				"north": {"uv": [7, 13, 11, 16], "texture": "#1"},
				"south": {"uv": [10, 9, 14, 12], "texture": "#1"},
				"up": {"uv": [10, 11, 14, 13], "texture": "#1"},
				"down": {"uv": [10, 9, 14, 11], "texture": "#1"}
			}
		},
		{
			"name": "Upper horizontal bar of left-hand gate door",
			"from": [2, 12, 7],
			"to": [6, 15, 9],
			"faces": {
				"north": {"uv": [8, 13, 12, 16], "texture": "#1"},
				"south": {"uv": [9, 6, 13, 9], "texture": "#1"},
				"up": {"uv": [9, 14, 13, 16], "texture": "#1"},
				"down": {"uv": [9, 11, 13, 13], "texture": "#1"}
			}
		},
		{
			"name": "Lower horizontal bar of right-hand gate door",
			"from": [10, 6, 7],
			"to": [14, 9, 9],
			"faces": {
				"north": {"uv": [6, 0, 10, 3], "texture": "#1"},
				"south": {"uv": [12, 9, 16, 12], "texture": "#1"},
				"up": {"uv": [11, 10, 15, 12], "texture": "#1"},
				"down": {"uv": [6, 14, 10, 16], "texture": "#1"}
			}
		},
		{
			"name": "Upper horizontal bar of right-hand gate door",
			"from": [10, 12, 7],
			"to": [14, 15, 9],
			"faces": {
				"north": {"uv": [10, 5, 14, 8], "texture": "#1"},
				"south": {"uv": [7, 6, 11, 9], "texture": "#1"},
				"up": {"uv": [7, 7, 11, 9], "texture": "#1"},
				"down": {"uv": [7, 6, 11, 8], "texture": "#1"}
			}
		}
	],
	"display": {
		"thirdperson_righthand": {
			"rotation": [-9, 82, 0]
		},
		"firstperson_righthand": {
			"rotation": [0, 44, 4],
			"translation": [0, -0.5, -0.25],
			"scale": [0.65, 0.65, 0.65]
		},
		"firstperson_lefthand": {
			"rotation": [0, 44, 0],
			"scale": [0.65, 0.65, 0.65]
		},
		"ground": {
			"scale": [0.35, 0.35, 0.35]
		},
		"gui": {
			"rotation": [30, 43, 0],
			"translation": [0, -1.25, 0],
			"scale": [0.8, 0.8, 0.8]
		},
		"fixed": {
			"translation": [0, -1.75, -0.5],
			"scale": [0.8, 0.8, 0.8]
		}
	}
}