{
	"credit": "Made with Blockbench",
	"ambientocclusion": false,
	"textures": {
		"0": "bambooeverything:block/bamboo_door_ends",
		"1": "bambooeverything:block/bamboo_door_top",
		"particle": "bambooeverything:block/bamboo_door_ends"
	},
	"elements": [
		{
			"from": [0, 0, 0],
			"to": [3, 16, 16],
			"faces": {
				"north": {"uv": [10, 0, 6, 16], "texture": "#1", "cullface": "north"},
				"east": {"uv": [0, 0, 16, 16], "texture": "#1"},
				"south": {"uv": [6, 0, 10, 16], "texture": "#1", "cullface": "south"},
				"west": {"uv": [16, 0, 0, 16], "texture": "#1", "cullface": "west"},
				"up": {"uv": [0, 0, 16, 3], "rotation": 90, "texture": "#0", "cullface": "up"}
			}
		}
	]
}