{
	"credit": "Made with Blockbench",
	"textures": {
		"particle": "bambooeverything:block/dry_bamboo_fence",
		"all": "bambooeverything:block/dry_bamboo_fence"
	},
	"elements": [
		{
			"from": [12, 0, 14],
			"to": [14, 16, 16],
			"faces": {
				"north": {"uv": [0, 0, 2, 16], "texture": "#all"},
				"east": {"uv": [0, 0, 2, 16], "texture": "#all"},
				"south": {"uv": [0, 0, 2, 16], "texture": "#all", "cullface": "south"},
				"west": {"uv": [0, 0, 2, 16], "texture": "#all"},
				"up": {"uv": [13, 13, 16, 16], "rotation": 90, "texture": "#all", "cullface": "up"},
				"down": {"uv": [13, 13, 16, 16], "rotation": 270, "texture": "#all", "cullface": "down"}
			}
		},
		{
			"from": [2, 0, 14],
			"to": [4, 16, 16],
			"faces": {
				"north": {"uv": [0, 16, 2, 0], "texture": "#all"},
				"east": {"uv": [0, 16, 2, 0], "texture": "#all"},
				"south": {"uv": [0, 16, 2, 0], "texture": "#all", "cullface": "south"},
				"west": {"uv": [0, 16, 2, 0], "texture": "#all"},
				"up": {"uv": [13, 13, 16, 16], "rotation": 90, "texture": "#all", "cullface": "up"},
				"down": {"uv": [13, 13, 16, 16], "rotation": 270, "texture": "#all", "cullface": "down"}
			}
		},
		{
			"from": [4, 1, 15],
			"to": [12, 3, 16],
			"faces": {
				"north": {"uv": [3, 0, 5, 16], "rotation": 270, "texture": "#all"},
				"east": {"uv": [0, 0, 0, 0], "texture": "#all"},
				"south": {"uv": [3, 0, 5, 16], "rotation": 90, "texture": "#all", "cullface": "south"},
				"west": {"uv": [0, 0, 0, 0], "texture": "#all"},
				"up": {"uv": [3, 0, 5, 16], "rotation": 90, "texture": "#all"},
				"down": {"uv": [3, 0, 5, 16], "rotation": 90, "texture": "#all"}
			}
		},
		{
			"from": [4, 5, 15],
			"to": [12, 7, 16],
			"faces": {
				"north": {"uv": [10, 0, 12, 16], "rotation": 270, "texture": "#all"},
				"east": {"uv": [0, 0, 0, 0], "texture": "#all"},
				"south": {"uv": [10, 0, 12, 16], "rotation": 90, "texture": "#all", "cullface": "south"},
				"west": {"uv": [0, 0, 0, 0], "texture": "#all"},
				"up": {"uv": [10, 0, 12, 16], "rotation": 90, "texture": "#all"},
				"down": {"uv": [10, 0, 12, 16], "rotation": 90, "texture": "#all"}
			}
		},
		{
			"from": [4, 9, 15],
			"to": [12, 11, 16],
			"faces": {
				"north": {"uv": [6, 0, 8, 16], "rotation": 270, "texture": "#all"},
				"east": {"uv": [0, 0, 0, 0], "texture": "#all"},
				"south": {"uv": [6, 0, 8, 16], "rotation": 90, "texture": "#all", "cullface": "south"},
				"west": {"uv": [0, 0, 0, 0], "texture": "#all"},
				"up": {"uv": [6, 0, 8, 16], "rotation": 90, "texture": "#all"},
				"down": {"uv": [6, 0, 8, 16], "rotation": 90, "texture": "#all"}
			}
		},
		{
			"from": [4, 13, 15],
			"to": [12, 15, 16],
			"faces": {
				"north": {"uv": [0, 0, 2, 16], "rotation": 270, "texture": "#all"},
				"east": {"uv": [0, 0, 0, 0], "texture": "#all"},
				"south": {"uv": [0, 0, 2, 16], "rotation": 90, "texture": "#all", "cullface": "south"},
				"west": {"uv": [0, 0, 0, 0], "texture": "#all"},
				"up": {"uv": [0, 0, 2, 16], "rotation": 90, "texture": "#all"},
				"down": {"uv": [0, 0, 2, 16], "rotation": 90, "texture": "#all"}
			}
		}
	],
	"gui_light": "front",
	"display": {
		"thirdperson_righthand": {
			"rotation": [30, 90, 0],
			"translation": [-2.75, 0, -2.5],
			"scale": [0.5, 0.5, 0.5]
		},
		"thirdperson_lefthand": {
			"rotation": [30, 90, 0],
			"translation": [-2.75, 0, -2.5],
			"scale": [0.5, 0.5, 0.5]
		},
		"firstperson_righthand": {
			"rotation": [-25, 90, 0],
			"translation": [-1, -0.25, 1.75],
			"scale": [0.5, 0.5, 0.5]
		},
		"firstperson_lefthand": {
			"rotation": [-25, 90, 0],
			"translation": [-1, -0.25, 1.75],
			"scale": [0.5, 0.5, 0.5]
		},
		"ground": {
			"translation": [0, 2, -3.75],
			"scale": [0.5, 0.5, 0.5]
		},
		"gui": {
			"scale": [0.9, 0.8, 0.9]
		},
		"fixed": {
			"translation": [0, 0, -7.75]
		}
	},
	"groups": [
		{
			"name": "bamboo1_age0",
			"origin": [8, 8, 8],
			"color": 0,
			"children": [0, 1, 2, 3, 4, 5]
		}
	]
}