{
	"credit": "Made with Blockbench",
	"textures": {
		"0": "bambooeverything:block/dry_bamboo_bundle_side",
		"1": "bambooeverything:block/dry_bamboo_bundle_end",
		"particle": "bambooeverything:block/dry_bamboo_bundle_side"
	},
	"elements": [
		{
			"from": [0, 8, 0],
			"to": [16, 16, 16],
			"faces": {
				"north": {"uv": [0, 0, 16, 8], "texture": "#1", "cullface": "north"},
				"east": {"uv": [0, 0, 8, 16], "rotation": 90, "texture": "#0", "cullface": "east"},
				"south": {"uv": [0, 0, 16, 8], "texture": "#1", "cullface": "south"},
				"west": {"uv": [0, 0, 8, 16], "rotation": 90, "texture": "#0", "cullface": "west"},
				"up": {"uv": [0, 0, 16, 16], "texture": "#0", "cullface": "up"},
				"down": {"uv": [0, 0, 16, 16], "texture": "#0"}
			}
		}
	]
}