{
	"credit": "Made with Blockbench",
	"textures": {
		"0": "bambooeverything:block/dry_bamboo_trapdoor",
		"1": "bambooeverything:block/dry_bamboo_door_ends",
		"particle": "bambooeverything:block/dry_bamboo_trapdoor"
	},
	"elements": [
		{
			"from": [0, 13, 0],
			"to": [16, 16, 16],
			"faces": {
				"north": {"uv": [0, 3, 16, 0], "texture": "#1", "cullface": "north"},
				"east": {"uv": [12, 16, 16, 0], "rotation": 270, "texture": "#0", "cullface": "east"},
				"south": {"uv": [0, 3, 16, 0], "texture": "#1", "cullface": "south"},
				"west": {"uv": [0, 16, 4, 0], "rotation": 90, "texture": "#0", "cullface": "west"},
				"up": {"uv": [0, 0, 16, 16], "texture": "#0", "cullface": "up"},
				"down": {"uv": [0, 0, 16, 16], "texture": "#0"}
			}
		}
	]
}